{
    "params": {
        "GCN": {
            "channels": [
                21,
                16,
                16
            ]
        },
        "MLP": {
            "channels": [
                16,
                10,
                1
            ]
        },
        "learning_rate": 0.0001
    },
    "train_loss": [
        0.12665479905605317,
        0.12595177479982375,
        0.1247688061594963
    ],
    "test_loss": [
        0.12397330725193023,
        0.12319089806079865,
        0.12131967234611511
    ],
    "train_r2": [
        -0.0006942183460840745,
        0.004024416970118905,
        0.01308893683909651
    ],
    "test_r2": [
        0.0010883681331400608,
        0.007477745020201598,
        0.022532366094592415
    ]
}